,index,play_id,game_id,home_team,away_team,posteam,yardline_100,game_date,game_seconds_remaining,drive,goal_to_go,ydstogo,play_type,posteam_timeouts_remaining,defteam_timeouts_remaining,posteam_score,defteam_score,spread,total,pos_EP_total,def_EP_total,pos_EP_pace,def_EP_pace,pos_fave,ends_TD,ends_FG,ends_punt,ends_other,pos_pp_cume_yds,pos_play_count,pos_yds_play,down_is_1.0,down_is_2.0,down_is_3.0,down_is_4.0,target_cat,target_num,is_EOH,pos_home,prediction,prob0,prob1,prob2,prob3,down,desc,end_of_poss
9761,418384,51,2018093012,PIT,BAL,BAL,75.0,2018-09-30,3600.0,1,0.0,10,run,3.0,3.0,0.0,0.0,3.0,51.0,24.0,27.0,0.0,0.0,0,1,0,0,0,0.0,2,0.0,1,0,0,0,TD,0,0,0,3.0,0.19504419809981544,0.04852917572600135,0.299628492901043,0.4567981332731403,1.0,(15:00) A.Collins right tackle to BAL 36 for 11 yards (J.Hargrave).,0
9762,418385,72,2018093012,PIT,BAL,BAL,64.0,2018-09-30,3567.0,1,0.0,10,run,3.0,3.0,0.0,0.0,3.0,51.0,24.0,27.0,-0.21999999999999967,-0.2474999999999997,0,1,0,0,0,11.0,3,3.6666666666666665,1,0,0,0,TD,0,0,0,2.0,0.30717974580194535,0.07774064869978688,0.33720697097789487,0.27787263452037303,1.0,(14:27) J.Brown left end pushed ob at BAL 39 for 3 yards (T.Edmunds; V.Williams).,0
9763,418386,93,2018093012,PIT,BAL,BAL,61.0,2018-09-30,3538.0,1,0.0,7,pass,3.0,3.0,0.0,0.0,3.0,51.0,24.0,27.0,-0.4133333333333339,-0.4650000000000008,0,1,0,0,0,14.0,4,3.5,0,1,0,0,TD,0,0,0,2.0,0.32469565305098513,0.11742000178218372,0.39740229287451523,0.16048205229231602,2.0,(13:58) J.Flacco pass short left to M.Crabtree to BAL 43 for 4 yards (A.Burns).,0
9764,418387,117,2018093012,PIT,BAL,BAL,57.0,2018-09-30,3501.0,1,0.0,3,pass,3.0,3.0,0.0,0.0,3.0,51.0,24.0,27.0,-0.6599999999999993,-0.7424999999999992,0,1,0,0,0,18.0,5,3.6,0,0,1,0,TD,0,0,0,2.0,0.23051551614543603,0.12614420289855072,0.5421926964149504,0.10114758454106283,3.0,"(13:21) (Shotgun) J.Flacco pass short middle to M.Crabtree to PIT 45 for 12 yards (S.Davis). Penalty on PIT-T.Watt, Illegal Use of Hands, declined.",0
9765,418388,152,2018093012,PIT,BAL,BAL,45.0,2018-09-30,3475.0,1,0.0,10,run,3.0,3.0,0.0,0.0,3.0,51.0,24.0,27.0,-0.833333333333333,-0.9374999999999996,0,1,0,0,0,30.0,6,5.0,1,0,0,0,TD,0,0,0,0.0,0.5442002161794239,0.19356786351056843,0.1547089179239183,0.1075230023860893,1.0,(12:55) (Shotgun) A.Collins up the middle to PIT 39 for 6 yards (S.Tuitt).,0
9766,418389,173,2018093012,PIT,BAL,BAL,39.0,2018-09-30,3436.0,1,0.0,4,pass,3.0,3.0,0.0,0.0,3.0,51.0,24.0,27.0,-1.0933333333333335,-1.2300000000000004,0,1,0,0,0,36.0,7,5.142857142857143,0,1,0,0,TD,0,0,0,0.0,0.4673065417781743,0.18619907395607663,0.24981573849878935,0.09667864576695978,2.0,(12:16) (Shotgun) J.Flacco pass short right to W.Snead IV pushed ob at PIT 37 for 2 yards (C.Sutton).,0
9767,418390,203,2018093012,PIT,BAL,BAL,39.0,2018-09-30,3398.0,1,0.0,0,no_play,3.0,2.0,0.0,0.0,3.0,51.0,24.0,27.0,-1.346666666666667,-1.515,0,1,0,0,0,38.0,8,4.75,0,0,0,0,TD,0,0,0,0.0,0.3898631528654414,0.2279647186528194,0.24846094919573178,0.1337111792860077,0.0,Timeout #1 by PIT at 11:38.,0
9768,418391,224,2018093012,PIT,BAL,BAL,37.0,2018-09-30,3398.0,1,0.0,2,run,3.0,2.0,0.0,0.0,3.0,51.0,24.0,27.0,-1.346666666666667,-1.515,0,1,0,0,0,38.0,9,4.222222222222221,0,0,1,0,TD,0,0,0,1.0,0.2752460030165912,0.33579457013574665,0.2543811463046757,0.13457828054298646,3.0,(11:38) (Shotgun) J.Allen left tackle to PIT 33 for 4 yards (T.Edmunds).,0
9769,418392,245,2018093012,PIT,BAL,BAL,33.0,2018-09-30,3352.0,1,0.0,10,pass,3.0,2.0,0.0,0.0,3.0,51.0,24.0,27.0,-1.653333333333333,-1.86,0,1,0,0,0,42.0,10,4.2,1,0,0,0,TD,0,0,0,0.0,0.40948182886960055,0.3373433981879636,0.09758814699792961,0.15558662594450648,1.0,"(10:52) (Shotgun) J.Flacco pass deep right to J.Brown for 33 yards, TOUCHDOWN.",1
9770,418395,302,2018093012,PIT,BAL,PIT,75.0,2018-09-30,3345.0,2,0.0,10,pass,2.0,3.0,0.0,7.0,3.0,51.0,27.0,24.0,-1.9124999999999992,5.300000000000002,1,0,0,0,1,0.0,2,0.0,1,0,0,0,other,3,0,1,2.0,0.15102756244525087,0.15849775293853977,0.3921843186103365,0.29829036600587316,1.0,(10:45) (Shotgun) B.Roethlisberger pass short middle to V.McDonald to PIT 31 for 6 yards (C.Mosley).,0
9771,418396,326,2018093012,PIT,BAL,PIT,69.0,2018-09-30,3305.0,2,0.0,4,pass,2.0,3.0,0.0,7.0,3.0,51.0,27.0,24.0,-2.212500000000001,5.033333333333332,1,0,0,0,1,6.0,3,2.0,0,1,0,0,other,3,0,1,2.0,0.08929045029045034,0.12441357438857445,0.6751288655788653,0.11116710974210975,2.0,(10:05) (Shotgun) B.Roethlisberger pass incomplete short middle to A.Brown. Coverage by 32-Weddle.,0
9772,418397,348,2018093012,PIT,BAL,PIT,69.0,2018-09-30,3302.0,2,0.0,4,pass,2.0,3.0,0.0,7.0,3.0,51.0,27.0,24.0,-2.2349999999999985,5.0133333333333345,1,0,0,0,1,6.0,4,1.5,0,0,1,0,other,3,0,1,2.0,0.1305285714285715,0.15526095238095242,0.5871314285714286,0.12707904761904762,3.0,"(10:02) (Shotgun) B.Roethlisberger pass short left to V.McDonald to PIT 31 for no gain (T.Jefferson). FUMBLES (T.Jefferson), RECOVERED by BAL-T.Jefferson at PIT 31. T.Jefferson for 31 yards, TOUCHDOWN. The Replay Official reviewed the runner was not down by contact ruling, and the play was REVERSED. (Shotgun) B.Roethlisberger pass short left to V.McDonald to PIT 31 for no gain (T.Jefferson). FUMBLES (T.Jefferson), RECOVERED by BAL-T.Jefferson at PIT 31. T.Jefferson to PIT 31 for no gain (V.McDonald).",1
9773,418398,448,2018093012,PIT,BAL,BAL,31.0,2018-09-30,3299.0,3,0.0,10,pass,3.0,2.0,7.0,0.0,3.0,51.0,24.0,27.0,4.993333333333334,-2.2574999999999994,0,1,0,0,0,75.0,12,6.25,1,0,0,0,TD,0,0,0,1.0,0.38513790890269156,0.3914131868131868,0.04856962255136167,0.17487928173276,1.0,(9:59) (Shotgun) J.Flacco pass short middle to C.Moore to PIT 12 for 19 yards (T.Edmunds).,0
9774,418399,472,2018093012,PIT,BAL,BAL,12.0,2018-09-30,3267.0,3,0.0,10,run,3.0,2.0,7.0,0.0,3.0,51.0,24.0,27.0,4.779999999999999,-2.4975000000000005,0,1,0,0,0,94.0,13,7.230769230769232,1,0,0,0,TD,0,0,0,0.0,0.6558798701298701,0.2484062604062604,0.016820512820512817,0.07889335664335666,1.0,(9:27) (Shotgun) L.Jackson right guard to PIT 4 for 8 yards (C.Heyward).,0
9775,418400,493,2018093012,PIT,BAL,BAL,4.0,2018-09-30,3230.0,3,0.0,2,run,3.0,2.0,7.0,0.0,3.0,51.0,24.0,27.0,4.533333333333334,-2.774999999999999,0,1,0,0,0,102.0,14,7.2857142857142865,0,1,0,0,TD,0,0,0,0.0,0.6863128851540619,0.2396204481792717,0.002,0.07206666666666667,2.0,"(8:50) (Shotgun) A.Collins up the middle to PIT 3 for 1 yard (S.Tuitt, C.Heyward).",0
9776,418401,514,2018093012,PIT,BAL,BAL,3.0,2018-09-30,3187.0,3,0.0,1,pass,3.0,2.0,7.0,0.0,3.0,51.0,24.0,27.0,4.246666666666668,-3.0974999999999984,0,1,0,0,0,103.0,15,6.866666666666666,0,0,1,0,TD,0,0,0,0.0,0.6539999999999999,0.24816666666666665,0.011666666666666667,0.08616666666666668,3.0,"(8:07) J.Flacco pass short right to A.Collins for 3 yards, TOUCHDOWN.",1
9777,418404,572,2018093012,PIT,BAL,PIT,79.0,2018-09-30,3180.0,4,0.0,10,no_play,2.0,3.0,0.0,14.0,3.0,51.0,27.0,24.0,-3.150000000000001,11.2,1,0,0,1,0,6.0,6,1.0,1,0,0,0,punt,2,0,1,2.0,0.20541476050830884,0.1824714541730671,0.4628146476283574,0.14929913769026676,1.0,"(8:00) J.Conner left guard to PIT 22 for 1 yard (M.Pierce). PENALTY on PIT-J.Smith-Schuster, Offensive Holding, 10 yards, enforced at PIT 21 - No Play.",0
9778,418405,604,2018093012,PIT,BAL,PIT,89.0,2018-09-30,3152.0,4,0.0,20,pass,2.0,3.0,0.0,14.0,3.0,51.0,27.0,24.0,-3.3600000000000008,11.013333333333332,1,0,0,1,0,6.0,7,0.8571428571428571,1,0,0,0,punt,2,0,1,2.0,0.2128420634920635,0.1303925120772947,0.4559916839199449,0.20077374051069702,1.0,(7:32) (Shotgun) B.Roethlisberger pass incomplete short right to J.Washington. Pressure by 40-Young.,0
9779,418406,637,2018093012,PIT,BAL,PIT,89.0,2018-09-30,3147.0,4,0.0,20,run,2.0,3.0,0.0,14.0,3.0,51.0,27.0,24.0,-3.3975000000000004,10.98,1,0,0,1,0,6.0,8,0.75,0,1,0,0,punt,2,0,1,2.0,0.20174848484848487,0.07597348484848485,0.5282810606060607,0.19399696969696967,2.0,(7:27) (Shotgun) J.Conner left end pushed ob at PIT 13 for 2 yards (B.Carr).,0
9780,418407,663,2018093012,PIT,BAL,PIT,87.0,2018-09-30,3110.0,4,0.0,18,pass,2.0,3.0,0.0,14.0,3.0,51.0,27.0,24.0,-3.674999999999999,10.733333333333334,1,0,0,1,0,8.0,9,0.8888888888888888,0,0,1,0,punt,2,0,1,2.0,0.0689074074074074,0.11447795414462081,0.7456221340388007,0.0709925044091711,3.0,(6:50) (Shotgun) B.Roethlisberger pass short right to J.Conner to PIT 14 for 1 yard (A.Levine Sr.).,0
9781,418408,687,2018093012,PIT,BAL,PIT,87.0,2018-09-30,3075.0,4,0.0,0,no_play,2.0,2.0,0.0,14.0,3.0,51.0,27.0,24.0,-3.937500000000001,10.5,1,0,0,1,0,9.0,10,0.9,0,0,0,0,punt,2,0,1,2.0,0.14614523809523808,0.1506776556776557,0.6002009157509159,0.10297619047619047,0.0,Timeout #1 by BAL at 06:15.,0
9782,418409,708,2018093012,PIT,BAL,PIT,86.0,2018-09-30,3075.0,4,0.0,17,punt,2.0,2.0,0.0,14.0,3.0,51.0,27.0,24.0,-3.937500000000001,10.5,1,0,0,1,0,9.0,11,0.8181818181818182,0,0,0,1,punt,2,0,1,2.0,0.005,0.01186451612903226,0.9824688172043011,0.0006666666666666666,4.0,"(6:15) (Punt formation) J.Berry punts 44 yards to BAL 42, Center-K.Canaday, fair catch by T.White.",1
9783,418410,727,2018093012,PIT,BAL,BAL,58.0,2018-09-30,3068.0,5,0.0,10,run,2.0,2.0,14.0,0.0,3.0,51.0,24.0,27.0,10.453333333333333,-3.99,0,0,0,1,0,106.0,17,6.235294117647059,1,0,0,0,punt,2,0,0,2.0,0.3530523809523812,0.1278214285714286,0.35470476190476197,0.16442142857142855,1.0,(6:08) A.Collins left tackle to BAL 43 for 1 yard (T.Watt).,0
9784,418411,748,2018093012,PIT,BAL,BAL,57.0,2018-09-30,3027.0,5,0.0,9,pass,2.0,2.0,14.0,0.0,3.0,51.0,24.0,27.0,10.18,-4.2975,0,0,0,1,0,107.0,18,5.9444444444444455,0,1,0,0,punt,2,0,0,2.0,0.2302942760942761,0.1275784511784512,0.478315824915825,0.16381144781144777,2.0,(5:27) (Shotgun) J.Flacco pass short right to M.Williams to BAL 44 for 1 yard (J.Bostic).,0
9785,418412,772,2018093012,PIT,BAL,BAL,56.0,2018-09-30,2984.0,5,0.0,8,pass,2.0,2.0,14.0,0.0,3.0,51.0,24.0,27.0,9.893333333333334,-4.62,0,0,0,1,0,108.0,19,5.684210526315789,0,0,1,0,punt,2,0,0,2.0,0.2187333333333333,0.09681666666666669,0.5406166666666667,0.1438333333333333,3.0,(4:44) (Shotgun) J.Flacco pass incomplete deep right to M.Crabtree.,0
9786,418413,794,2018093012,PIT,BAL,BAL,56.0,2018-09-30,2980.0,5,0.0,8,punt,2.0,2.0,14.0,0.0,3.0,51.0,24.0,27.0,9.866666666666664,-4.650000000000001,0,0,0,1,0,108.0,20,5.4,0,0,0,1,punt,2,0,0,2.0,0.008333333333333333,0.021333333333333333,0.9590000000000002,0.011333333333333332,4.0,"(4:40) (Punt formation) S.Koch punts 41 yards to PIT 15, Center-M.Cox, out of bounds.",1
9787,418414,812,2018093012,PIT,BAL,PIT,85.0,2018-09-30,2973.0,6,0.0,10,pass,2.0,2.0,0.0,14.0,3.0,51.0,27.0,24.0,-4.7025000000000015,9.82,1,0,1,0,0,9.0,12,0.75,1,0,0,0,FG,1,0,1,2.0,0.19726326723323886,0.27574625657628493,0.4106995548360988,0.11629092135437745,1.0,(4:33) (Shotgun) B.Roethlisberger pass incomplete short right to J.Conner (B.Williams).,0
9788,418415,834,2018093012,PIT,BAL,PIT,85.0,2018-09-30,2967.0,6,0.0,10,no_play,2.0,2.0,0.0,14.0,3.0,51.0,27.0,24.0,-4.747499999999999,9.78,1,0,1,0,0,9.0,13,0.6923076923076923,0,1,0,0,FG,1,0,1,2.0,0.1787190476190476,0.1614315018315019,0.5323181929181929,0.1275312576312577,2.0,"(4:27) (Shotgun) B.Roethlisberger pass short middle to J.Conner to PIT 18 for 3 yards (C.Mosley). PENALTY on BAL-M.Humphrey, Defensive Holding, 5 yards, enforced at PIT 15 - No Play.",0
9789,418416,869,2018093012,PIT,BAL,PIT,80.0,2018-09-30,2941.0,6,0.0,10,run,2.0,2.0,0.0,14.0,3.0,51.0,27.0,24.0,-4.942499999999999,9.606666666666667,1,0,1,0,0,9.0,14,0.6428571428571429,1,0,0,0,FG,1,0,1,2.0,0.19362041009038175,0.2625319708619991,0.43759122150276547,0.10625639754485366,1.0,(4:01) (Shotgun) J.Conner up the middle to PIT 22 for 2 yards (T.Young).,0
9790,418417,890,2018093012,PIT,BAL,PIT,78.0,2018-09-30,2902.0,6,0.0,8,pass,2.0,2.0,0.0,14.0,3.0,51.0,27.0,24.0,-5.235,9.346666666666668,1,0,1,0,0,11.0,15,0.7333333333333333,0,1,0,0,FG,1,0,1,2.0,0.18918333333333334,0.18674102564102568,0.52339358974359,0.10068205128205134,2.0,(3:22) (Shotgun) B.Roethlisberger pass deep left to J.Smith-Schuster pushed ob at BAL 40 for 38 yards (B.Carr).,0
9791,418418,919,2018093012,PIT,BAL,PIT,40.0,2018-09-30,2876.0,6,0.0,10,run,2.0,2.0,0.0,14.0,3.0,51.0,27.0,24.0,-5.4300000000000015,9.173333333333332,1,0,1,0,0,49.0,16,3.0625,1,0,0,0,FG,1,0,1,1.0,0.34325163398692804,0.44251830065359476,0.10233006535947714,0.1119,1.0,(2:56) (Shotgun) J.Conner up the middle to BAL 37 for 3 yards (E.Weddle).,0
9792,418419,940,2018093012,PIT,BAL,PIT,37.0,2018-09-30,2837.0,6,0.0,7,pass,2.0,2.0,0.0,14.0,3.0,51.0,27.0,24.0,-5.722500000000001,8.913333333333332,1,0,1,0,0,52.0,17,3.0588235294117645,0,1,0,0,FG,1,0,1,1.0,0.2354668737060041,0.5256900621118012,0.12008219461697725,0.1187608695652174,2.0,"(2:17) (Shotgun) B.Roethlisberger pass short right to R.Switzer to BAL 29 for 8 yards (M.Humphrey, T.Young).",0
9793,418420,964,2018093012,PIT,BAL,PIT,29.0,2018-09-30,2795.0,6,0.0,10,pass,2.0,2.0,0.0,14.0,3.0,51.0,27.0,24.0,-6.0375,8.633333333333333,1,0,1,0,0,60.0,18,3.333333333333333,1,0,0,0,FG,1,0,1,1.0,0.39951604582567357,0.45737285046719073,0.041217743522050085,0.1018933601850853,1.0,(1:35) (Shotgun) B.Roethlisberger pass short middle to R.Switzer to BAL 23 for 6 yards (T.Young) [T.Williams].,0
9794,418421,988,2018093012,PIT,BAL,PIT,23.0,2018-09-30,2753.0,6,0.0,4,pass,2.0,2.0,0.0,14.0,3.0,51.0,27.0,24.0,-6.352500000000001,8.353333333333332,1,0,1,0,0,66.0,19,3.4736842105263164,0,1,0,0,FG,1,0,1,0.0,0.47301449275362323,0.40430434782608715,0.019253623188405795,0.1034275362318841,2.0,(:53) (Shotgun) B.Roethlisberger pass short middle to R.Switzer to BAL 20 for 3 yards (C.Mosley).,0
9795,418422,1012,2018093012,PIT,BAL,PIT,20.0,2018-09-30,2711.0,6,0.0,1,run,2.0,2.0,0.0,14.0,3.0,51.0,27.0,24.0,-6.667499999999999,8.073333333333334,1,0,1,0,0,69.0,20,3.45,0,0,1,0,FG,1,0,1,1.0,0.4158784313725491,0.4567686274509804,0.009333333333333334,0.11801960784313724,3.0,(:11) (Shotgun) J.Conner up the middle to BAL 19 for 1 yard (Z.Smith; T.Jefferson).,0
9796,418424,1050,2018093012,PIT,BAL,PIT,19.0,2018-09-30,2700.0,6,0.0,10,pass,2.0,2.0,0.0,14.0,3.0,51.0,27.0,24.0,-6.75,8.0,1,0,1,0,0,70.0,21,3.333333333333333,1,0,0,0,FG,1,0,1,0.0,0.4388109401825246,0.4006800902081264,0.026817520556609745,0.1336914490527394,1.0,(15:00) (Shotgun) B.Roethlisberger pass incomplete short middle to J.Smith-Schuster (T.Suggs).,0
9797,418425,1072,2018093012,PIT,BAL,PIT,19.0,2018-09-30,2696.0,6,0.0,10,run,2.0,2.0,0.0,14.0,3.0,51.0,27.0,24.0,-6.7799999999999985,7.9733333333333345,1,0,1,0,0,70.0,22,3.1818181818181817,0,1,0,0,FG,1,0,1,1.0,0.35038115942028986,0.515404347826087,0.022986956521739134,0.11122753623188407,2.0,"(14:56) (Shotgun) J.Conner up the middle to BAL 16 for 3 yards (C.Mosley, A.Levine Sr.).",0
9798,418426,1093,2018093012,PIT,BAL,PIT,16.0,2018-09-30,2656.0,6,0.0,7,pass,2.0,2.0,0.0,14.0,3.0,51.0,27.0,24.0,-7.080000000000001,7.706666666666666,1,0,1,0,0,73.0,23,3.1739130434782608,0,0,1,0,FG,1,0,1,1.0,0.29336844229217096,0.5835609362389022,0.025666666666666667,0.0974039548022599,3.0,(14:16) (Shotgun) B.Roethlisberger pass incomplete deep left to J.Smith-Schuster (B.Carr).,0
9799,418427,1115,2018093012,PIT,BAL,PIT,16.0,2018-09-30,2650.0,6,0.0,7,field_goal,2.0,2.0,0.0,14.0,3.0,51.0,27.0,24.0,-7.124999999999997,7.666666666666668,1,0,1,0,0,73.0,24,3.0416666666666665,0,0,0,1,FG,1,0,1,1.0,0.018333333333333337,0.8843333333333334,0.022666666666666665,0.07466666666666667,4.0,"(14:10) (Field Goal formation) C.Boswell 34 yard field goal is GOOD, Center-K.Canaday, Holder-J.Berry.",1
9800,418429,1156,2018093012,PIT,BAL,BAL,84.0,2018-09-30,2643.0,7,0.0,10,pass,2.0,2.0,14.0,3.0,3.0,51.0,24.0,27.0,7.619999999999999,-4.177500000000001,0,0,0,0,1,108.0,22,4.909090909090909,1,0,0,0,other,3,0,0,2.0,0.11637493251998714,0.13904267567924078,0.43313858498504093,0.3114438068157312,1.0,(14:03) J.Flacco pass deep middle to J.Brown pushed ob at PIT 13 for 71 yards (T.Edmunds).,0
9801,418430,1180,2018093012,PIT,BAL,BAL,13.0,2018-09-30,2628.0,7,0.0,10,no_play,2.0,2.0,14.0,3.0,3.0,51.0,24.0,27.0,7.52,-4.290000000000001,0,0,0,0,1,179.0,23,7.782608695652174,1,0,0,0,other,3,0,0,0.0,0.6764621334772442,0.20560003597769383,0.02016666666666667,0.09777116387839538,1.0,"(13:48) (Shotgun) L.Jackson right tackle to PIT 9 for 4 yards (J.Haden). PENALTY on PIT-J.Hargrave, Defensive Offside, 5 yards, enforced at PIT 13 - No Play.",0
9802,418431,1213,2018093012,PIT,BAL,BAL,8.0,2018-09-30,2608.0,7,0.0,5,pass,2.0,2.0,14.0,3.0,3.0,51.0,24.0,27.0,7.386666666666668,-4.44,0,0,0,0,1,179.0,24,7.458333333333332,1,0,0,0,other,3,0,0,0.0,0.6309723121874228,0.23973942991708777,0.013833333333333331,0.1154549245621561,1.0,(13:28) (Shotgun) J.Flacco pass short right to M.Williams to PIT 2 for 6 yards (J.Haden).,0
9803,418432,1237,2018093012,PIT,BAL,BAL,2.0,2018-09-30,2565.0,7,1.0,2,run,2.0,2.0,14.0,3.0,3.0,51.0,24.0,27.0,7.1000000000000005,-4.762499999999998,0,0,0,0,1,185.0,25,7.4,1,0,0,0,other,3,0,0,0.0,0.795361344537815,0.11961764705882355,0.0,0.08502100840336135,1.0,"(12:45) A.Collins left guard to PIT 2 for no gain (C.Sensabaugh). FUMBLES (C.Sensabaugh), RECOVERED by PIT-T.Edmunds at PIT 1. T.Edmunds to PIT 1 for no gain (P.Ricard).",1
9804,418433,1275,2018093012,PIT,BAL,PIT,99.0,2018-09-30,2559.0,8,0.0,10,pass,2.0,2.0,3.0,14.0,3.0,51.0,27.0,24.0,-4.8075,7.06,1,0,1,0,0,73.0,25,2.92,1,0,0,0,FG,1,0,1,2.0,0.18662222222222222,0.15838888888888888,0.5259222222222221,0.12906666666666666,1.0,(12:39) B.Roethlisberger pass incomplete deep left to J.Smith-Schuster (B.Carr).,0
9805,418434,1297,2018093012,PIT,BAL,PIT,99.0,2018-09-30,2553.0,8,0.0,10,pass,2.0,2.0,3.0,14.0,3.0,51.0,27.0,24.0,-4.852500000000002,7.019999999999999,1,0,1,0,0,73.0,26,2.8076923076923075,0,1,0,0,FG,1,0,1,2.0,0.15815384615384614,0.10283333333333337,0.5579128205128207,0.18109999999999998,2.0,(12:33) B.Roethlisberger pass deep middle to J.James to PIT 24 for 23 yards (T.Jefferson).,0
9806,418435,1321,2018093012,PIT,BAL,PIT,76.0,2018-09-30,2507.0,8,0.0,10,no_play,2.0,2.0,3.0,14.0,3.0,51.0,27.0,24.0,-5.197500000000002,6.713333333333333,1,0,1,0,0,96.0,27,3.555555555555556,1,0,0,0,FG,1,0,1,2.0,0.2700879128698189,0.20830482558417637,0.3693640919853628,0.15224316956064193,1.0,"(11:47) C.Okorafor reported in as eligible.  PENALTY on BAL, Defensive Too Many Men on Field, 5 yards, enforced at PIT 24 - No Play.",0
9807,418436,1346,2018093012,PIT,BAL,PIT,71.0,2018-09-30,2483.0,8,0.0,5,pass,2.0,2.0,3.0,14.0,3.0,51.0,27.0,24.0,-5.3775,6.553333333333334,1,0,1,0,0,96.0,28,3.4285714285714284,1,0,0,0,FG,1,0,1,2.0,0.2942876981937846,0.20124300864428565,0.3805190880821623,0.12395020507976764,1.0,(11:23) (Shotgun) B.Roethlisberger pass short left to J.Washington to PIT 33 for 4 yards (M.Humphrey).,0
9808,418437,1370,2018093012,PIT,BAL,PIT,67.0,2018-09-30,2453.0,8,0.0,1,pass,2.0,2.0,3.0,14.0,3.0,51.0,27.0,24.0,-5.602499999999999,6.3533333333333335,1,0,1,0,0,100.0,29,3.4482758620689653,0,1,0,0,FG,1,0,1,2.0,0.3466222222222222,0.1834777777777778,0.3530666666666669,0.11683333333333333,2.0,(10:53) (Shotgun) B.Roethlisberger pass short middle to V.McDonald to PIT 45 for 12 yards (T.Williams).,0
9809,418438,1398,2018093012,PIT,BAL,PIT,55.0,2018-09-30,2414.0,8,0.0,10,run,2.0,2.0,3.0,14.0,3.0,51.0,27.0,24.0,-5.895,6.093333333333334,1,0,1,0,0,112.0,30,3.733333333333333,1,0,0,0,FG,1,0,1,0.0,0.3391493506493506,0.25648528138528126,0.2591463203463203,0.14521904761904764,1.0,"(10:14) (No Huddle, Shotgun) J.Conner left tackle to PIT 48 for 3 yards (T.Jefferson).",0
9810,418439,1431,2018093012,PIT,BAL,PIT,52.0,2018-09-30,2374.0,8,0.0,7,pass,2.0,2.0,3.0,14.0,3.0,51.0,27.0,24.0,-6.1949999999999985,5.826666666666667,1,0,1,0,0,115.0,31,3.7096774193548394,0,1,0,0,FG,1,0,1,0.0,0.36360401002506265,0.2439999999999999,0.26382456140350874,0.1285714285714286,2.0,(9:34) B.Roethlisberger pass short left to J.Smith-Schuster ran ob at BAL 42 for 10 yards.,0
9811,418440,1460,2018093012,PIT,BAL,PIT,42.0,2018-09-30,2340.0,8,0.0,10,pass,2.0,2.0,3.0,14.0,3.0,51.0,27.0,24.0,-6.4499999999999975,5.600000000000001,1,0,1,0,0,125.0,32,3.90625,1,0,0,0,FG,1,0,1,0.0,0.4010498498498497,0.328133933933934,0.11414144144144148,0.15667477477477473,1.0,"(9:00) (No Huddle, Shotgun) B.Roethlisberger pass short middle to R.Switzer to BAL 36 for 6 yards (P.Onwuasor; C.Mosley).",0
9812,418441,1484,2018093012,PIT,BAL,PIT,36.0,2018-09-30,2308.0,8,0.0,4,pass,2.0,2.0,3.0,14.0,3.0,51.0,27.0,24.0,-6.690000000000001,5.386666666666668,1,0,1,0,0,131.0,33,3.9696969696969697,0,1,0,0,FG,1,0,1,1.0,0.3800148550724638,0.38137717391304354,0.06382753623188404,0.17478043478260866,2.0,"(8:28) (No Huddle, Shotgun) B.Roethlisberger pass incomplete short right to J.Smith-Schuster.",0
9813,418442,1506,2018093012,PIT,BAL,PIT,36.0,2018-09-30,2304.0,8,0.0,4,pass,2.0,2.0,3.0,14.0,3.0,51.0,27.0,24.0,-6.719999999999999,5.359999999999999,1,0,1,0,0,131.0,34,3.852941176470588,0,0,1,0,FG,1,0,1,1.0,0.25668571428571424,0.3697333333333334,0.1411714285714286,0.2324095238095237,3.0,"(8:24) (Shotgun) B.Roethlisberger pass short left to A.Brown pushed ob at BAL 19 for 17 yards (E.Weddle). PENALTY on PIT-J.Conner, Illegal Blindside Block, 15 yards, enforced at BAL 21.",0
9814,418443,1541,2018093012,PIT,BAL,PIT,36.0,2018-09-30,2273.0,8,0.0,4,pass,2.0,2.0,3.0,14.0,3.0,51.0,27.0,24.0,-6.9525000000000015,5.153333333333332,1,0,1,0,0,146.0,35,4.171428571428572,0,0,1,0,FG,1,0,1,1.0,0.2746857142857142,0.3504000000000001,0.16917142857142858,0.2057428571428571,3.0,(7:53) (Shotgun) B.Roethlisberger pass short right to A.Brown to BAL 27 for 9 yards (T.Jefferson).,0
9815,418444,1565,2018093012,PIT,BAL,PIT,27.0,2018-09-30,2235.0,8,0.0,10,pass,2.0,2.0,3.0,14.0,3.0,51.0,27.0,24.0,-7.237499999999999,4.9,1,0,1,0,0,155.0,36,4.305555555555555,1,0,0,0,FG,1,0,1,0.0,0.5022888888888889,0.3465999999999998,0.017666666666666667,0.13344444444444445,1.0,"(7:15) (No Huddle, Shotgun) B.Roethlisberger pass short right to A.Brown to BAL 20 for 7 yards (M.Humphrey).",0
9816,418445,1589,2018093012,PIT,BAL,PIT,20.0,2018-09-30,2198.0,8,0.0,3,pass,2.0,2.0,3.0,14.0,3.0,51.0,27.0,24.0,-7.5150000000000015,4.653333333333332,1,0,1,0,0,162.0,37,4.378378378378378,0,1,0,0,FG,1,0,1,0.0,0.5573333333333333,0.3111666666666667,0.015333333333333332,0.1161666666666667,2.0,"(6:38) (No Huddle, Shotgun) B.Roethlisberger pass incomplete short right to J.Smith-Schuster (C.Wormley). PIT-J.Smith-Schuster was injured during the play.",0
9817,418446,1813,2018093012,PIT,BAL,PIT,20.0,2018-09-30,2194.0,8,0.0,0,no_play,1.0,2.0,3.0,14.0,3.0,51.0,27.0,24.0,-7.545,4.626666666666667,1,0,1,0,0,162.0,38,4.2631578947368425,0,0,0,0,FG,1,0,1,0.0,0.47396666666666676,0.37356666666666666,0.02,0.1324666666666667,0.0,Timeout #2 by PIT at 06:34.,0
9818,418447,1611,2018093012,PIT,BAL,PIT,20.0,2018-09-30,2194.0,8,0.0,3,pass,1.0,2.0,3.0,14.0,3.0,51.0,27.0,24.0,-7.545,4.626666666666667,1,0,1,0,0,162.0,39,4.153846153846153,0,0,1,0,FG,1,0,1,0.0,0.4411333333333333,0.3907333333333333,0.015,0.1531333333333333,3.0,(6:34) (Shotgun) B.Roethlisberger pass incomplete deep left to A.Brown. Coverage by 29-Humphrey.,0
9819,418448,1643,2018093012,PIT,BAL,PIT,20.0,2018-09-30,2189.0,8,0.0,3,field_goal,1.0,2.0,3.0,14.0,3.0,51.0,27.0,24.0,-7.5825,4.593333333333334,1,0,1,0,0,162.0,40,4.05,0,0,0,1,FG,1,0,1,1.0,0.03966666666666667,0.7824999999999998,0.020666666666666667,0.15716666666666668,4.0,"(6:29) (Field Goal formation) C.Boswell 39 yard field goal is GOOD, Center-K.Canaday, Holder-J.Berry.",1
9820,418450,1688,2018093012,PIT,BAL,BAL,77.0,2018-09-30,2181.0,9,0.0,10,pass,2.0,1.0,14.0,6.0,3.0,51.0,24.0,27.0,4.539999999999999,-4.6425,0,0,0,1,0,185.0,27,6.851851851851853,1,0,0,0,punt,2,0,0,2.0,0.2261937984496123,0.12028992248062012,0.5126834625322996,0.14083281653746768,1.0,(6:21) (Shotgun) J.Flacco pass short middle to W.Snead IV to BAL 36 for 13 yards (C.Sutton).,0
9821,418451,1712,2018093012,PIT,BAL,BAL,64.0,2018-09-30,2144.0,9,0.0,10,pass,2.0,1.0,14.0,6.0,3.0,51.0,24.0,27.0,4.293333333333333,-4.920000000000002,0,0,0,1,0,198.0,28,7.071428571428571,1,0,0,0,punt,2,0,0,2.0,0.23795238095238092,0.14257142857142852,0.4730984126984128,0.14637777777777777,1.0,(5:44) (Shotgun) J.Flacco pass short right to M.Andrews to BAL 38 for 2 yards (S.Davis).,0
9822,418452,1736,2018093012,PIT,BAL,BAL,62.0,2018-09-30,2113.0,9,0.0,8,pass,2.0,1.0,14.0,6.0,3.0,51.0,24.0,27.0,4.086666666666668,-5.152499999999998,0,0,0,1,0,200.0,29,6.896551724137932,0,1,0,0,punt,2,0,0,2.0,0.2451190476190476,0.10340000000000003,0.5219809523809524,0.12950000000000003,2.0,(5:13) (Shotgun) J.Flacco pass incomplete short middle to M.Crabtree.,0
9823,418453,1758,2018093012,PIT,BAL,BAL,62.0,2018-09-30,2109.0,9,0.0,8,pass,2.0,1.0,14.0,6.0,3.0,51.0,24.0,27.0,4.059999999999999,-5.182500000000001,0,0,0,1,0,200.0,30,6.666666666666668,0,0,1,0,punt,2,0,0,2.0,0.20481904761904765,0.08330000000000001,0.6082809523809523,0.10360000000000001,3.0,(5:09) (Shotgun) J.Flacco pass incomplete deep right to J.Brown. Coverage by 23-Haden.,0
9824,418454,1784,2018093012,PIT,BAL,BAL,62.0,2018-09-30,2104.0,9,0.0,8,no_play,2.0,1.0,14.0,6.0,3.0,51.0,24.0,27.0,4.026666666666667,-5.2200000000000015,0,0,0,1,0,200.0,31,6.451612903225807,0,0,0,1,punt,2,0,0,2.0,0.004,0.004666666666666667,0.9840000000000001,0.007333333333333333,4.0,"(5:04) (Punt formation) S.Koch punts 52 yards to PIT 10, Center-M.Cox, fair catch by R.Switzer. PENALTY on BAL-A.Levine Sr., Offensive Holding, 10 yards, enforced at BAL 38 - No Play.",0
9825,418455,1820,2018093012,PIT,BAL,BAL,72.0,2018-09-30,2097.0,9,0.0,18,punt,2.0,1.0,14.0,6.0,3.0,51.0,24.0,27.0,3.98,-5.272499999999999,0,0,0,1,0,200.0,32,6.25,0,0,0,1,punt,2,0,0,2.0,0.003,0.003333333333333333,0.9876666666666667,0.006,4.0,"(4:57) (Punt formation) S.Koch punts 51 yards to PIT 21, Center-M.Cox. R.Switzer to PIT 24 for 3 yards (D.Turner, A.Levine Sr.).",1
9826,418456,1846,2018093012,PIT,BAL,PIT,76.0,2018-09-30,2088.0,10,0.0,10,pass,1.0,2.0,6.0,14.0,3.0,51.0,27.0,24.0,-5.340000000000002,3.919999999999998,1,1,0,0,0,162.0,41,3.9512195121951224,1,0,0,0,TD,0,0,1,2.0,0.2187142857142857,0.1843095238095237,0.43486071428571427,0.16211547619047623,1.0,(4:48) B.Roethlisberger pass short right to V.McDonald to PIT 35 for 11 yards (T.Jefferson).,0
9827,418457,1870,2018093012,PIT,BAL,PIT,65.0,2018-09-30,2052.0,10,0.0,10,pass,1.0,2.0,6.0,14.0,3.0,51.0,27.0,24.0,-5.610000000000001,3.68,1,1,0,0,0,173.0,42,4.119047619047619,1,0,0,0,TD,0,0,1,2.0,0.2691784345922277,0.24197249589490963,0.30399198139025724,0.18485708812260537,1.0,(4:12) (Shotgun) B.Roethlisberger pass incomplete short left to J.Smith-Schuster (T.Young).,0
9828,418458,1892,2018093012,PIT,BAL,PIT,65.0,2018-09-30,2048.0,10,0.0,10,pass,1.0,2.0,6.0,14.0,3.0,51.0,27.0,24.0,-5.6400000000000015,3.6533333333333333,1,1,0,0,0,173.0,43,4.023255813953488,0,1,0,0,TD,0,0,1,2.0,0.22066666666666657,0.20674999999999996,0.36947222222222237,0.20311111111111108,2.0,"(4:08) (No Huddle, Shotgun) B.Roethlisberger pass short middle to V.McDonald to BAL 32 for 33 yards (M.Humphrey).",0
9829,418459,1916,2018093012,PIT,BAL,PIT,32.0,2018-09-30,2004.0,10,0.0,10,pass,1.0,2.0,6.0,14.0,3.0,51.0,27.0,24.0,-5.9700000000000015,3.3599999999999994,1,1,0,0,0,206.0,44,4.681818181818182,1,0,0,0,TD,0,0,1,0.0,0.5042149425287357,0.28550919540229885,0.05094252873563218,0.15933333333333327,1.0,"(3:24) (No Huddle, Shotgun) B.Roethlisberger pass short left to J.Washington pushed ob at BAL 26 for 6 yards (B.Carr).",0
9830,418460,1940,2018093012,PIT,BAL,PIT,26.0,2018-09-30,1979.0,10,0.0,4,pass,1.0,2.0,6.0,14.0,3.0,51.0,27.0,24.0,-6.1575000000000015,3.1933333333333334,1,1,0,0,0,212.0,45,4.711111111111111,0,1,0,0,TD,0,0,1,0.0,0.5383333333333333,0.29626666666666657,0.023666666666666666,0.14173333333333332,2.0,"(2:59) (No Huddle, Shotgun) B.Roethlisberger pass deep left to A.Brown for 26 yards, TOUCHDOWN.",0
9831,418461,1960,2018093012,PIT,BAL,PIT,2.0,2018-09-30,1970.0,10,0.0,0,pass,1.0,2.0,12.0,14.0,3.0,51.0,27.0,24.0,-0.22499999999999787,3.1333333333333337,1,1,0,0,0,238.0,46,5.173913043478262,0,0,0,0,TD,0,0,1,0.0,0.7689444444444445,0.16755555555555554,0.003,0.06049999999999999,0.0,(Pass formation) TWO-POINT CONVERSION ATTEMPT. B.Roethlisberger pass to J.Conner is complete. ATTEMPT SUCCEEDS.,1
9832,418463,2009,2018093012,PIT,BAL,BAL,77.0,2018-09-30,1966.0,11,0.0,10,run,2.0,1.0,14.0,14.0,3.0,51.0,24.0,27.0,3.1066666666666656,1.7449999999999992,0,0,0,1,0,200.0,34,5.882352941176472,1,0,0,0,punt,2,0,0,2.0,0.1745937984496124,0.18022325581395346,0.4558279069767443,0.18935503875968995,1.0,"(2:46) (Shotgun) J.Allen right guard to BAL 24 for 1 yard (V.Williams, C.Heyward).",0
9833,418465,2047,2018093012,PIT,BAL,BAL,76.0,2018-09-30,1920.0,11,0.0,9,pass,2.0,1.0,14.0,14.0,3.0,51.0,24.0,27.0,2.8000000000000007,1.4000000000000004,0,0,0,1,0,201.0,35,5.742857142857143,0,1,0,0,punt,2,1,0,2.0,0.15389999999999998,0.18266666666666664,0.44136666666666663,0.2220666666666667,2.0,(2:00) (Shotgun) J.Flacco pass incomplete short middle to W.Snead IV.,0
9834,418466,2069,2018093012,PIT,BAL,BAL,76.0,2018-09-30,1917.0,11,0.0,9,pass,2.0,1.0,14.0,14.0,3.0,51.0,24.0,27.0,2.78,1.3774999999999995,0,0,0,1,0,201.0,36,5.583333333333332,0,0,1,0,punt,2,1,0,2.0,0.1393333333333333,0.14466666666666667,0.5806666666666668,0.13533333333333333,3.0,(1:57) (Shotgun) J.Flacco pass short left to W.Snead IV to BAL 36 for 12 yards (A.Burns).,0
9835,418467,2093,2018093012,PIT,BAL,BAL,64.0,2018-09-30,1894.0,11,0.0,10,pass,2.0,1.0,14.0,14.0,3.0,51.0,24.0,27.0,2.626666666666665,1.205,0,0,0,1,0,213.0,37,5.756756756756758,1,0,0,0,punt,2,1,0,1.0,0.2363333333333333,0.349,0.1335,0.28116666666666656,1.0,"(1:34) (No Huddle, Shotgun) J.Flacco sacked at BAL 30 for -6 yards (B.Dupree).",0
9836,418468,2112,2018093012,PIT,BAL,BAL,70.0,2018-09-30,1867.0,11,0.0,16,pass,2.0,1.0,14.0,14.0,3.0,51.0,24.0,27.0,2.4466666666666668,1.0025000000000013,0,0,0,1,0,207.0,38,5.447368421052633,0,1,0,0,punt,2,1,0,2.0,0.105,0.1946666666666666,0.4729999999999999,0.22733333333333322,2.0,"(1:07) (No Huddle, Shotgun) J.Flacco pass short middle to J.Allen to BAL 45 for 15 yards (V.Williams).",0
9837,418469,2136,2018093012,PIT,BAL,BAL,70.0,2018-09-30,1860.0,11,0.0,0,no_play,1.0,1.0,14.0,14.0,3.0,51.0,24.0,27.0,2.400000000000002,0.9500000000000012,0,0,0,1,0,222.0,39,5.6923076923076925,0,0,0,0,punt,2,1,0,2.0,0.12492577597840758,0.19665598290598288,0.5220340530814215,0.15638418803418805,0.0,Timeout #2 by BAL at 01:00.,0
9838,418470,2153,2018093012,PIT,BAL,BAL,55.0,2018-09-30,1860.0,11,0.0,1,run,1.0,1.0,14.0,14.0,3.0,51.0,24.0,27.0,2.400000000000002,0.9500000000000012,0,0,0,1,0,222.0,40,5.55,0,0,1,0,punt,2,1,0,2.0,0.2646538461538461,0.2034059829059828,0.35663931623931616,0.1753008547008546,3.0,(1:00) J.Allen up the middle to BAL 45 for no gain (V.Williams).,0
9839,418471,2174,2018093012,PIT,BAL,BAL,55.0,2018-09-30,1817.0,11,0.0,0,no_play,0.0,1.0,14.0,14.0,3.0,51.0,24.0,27.0,2.1133333333333333,0.6274999999999995,0,0,0,1,0,222.0,41,5.414634146341463,0,0,0,0,punt,2,1,0,3.0,0.11845238095238095,0.266147619047619,0.10983333333333334,0.5055666666666667,0.0,Timeout #3 by BAL at 00:17.,0
9840,418472,2191,2018093012,PIT,BAL,BAL,55.0,2018-09-30,1817.0,11,0.0,1,punt,0.0,1.0,14.0,14.0,3.0,51.0,24.0,27.0,2.1133333333333333,0.6274999999999995,0,0,0,1,0,222.0,42,5.285714285714286,0,0,0,1,punt,2,1,0,2.0,0.02766666666666667,0.0735,0.69,0.2088333333333334,4.0,"(:17) (Punt formation) S.Koch punts 42 yards to PIT 13, Center-M.Cox, fair catch by R.Switzer.",1
9841,418473,2210,2018093012,PIT,BAL,PIT,87.0,2018-09-30,1810.0,12,0.0,10,qb_kneel,1.0,0.0,14.0,14.0,3.0,51.0,27.0,24.0,0.5749999999999993,2.0666666666666664,1,0,0,0,1,240.0,47,5.1063829787234045,1,0,0,0,other,3,1,1,3.0,0.03161375849533744,0.0480146334304229,0.016039473684210527,0.9043321343900291,1.0,(:10) B.Roethlisberger kneels to PIT 12 for -1 yards.,1
9842,418476,2270,2018093012,PIT,BAL,PIT,66.0,2018-09-30,1794.0,13,0.0,10,run,3.0,3.0,14.0,14.0,3.0,51.0,27.0,24.0,0.4549999999999983,1.959999999999999,1,0,0,1,0,239.0,49,4.8775510204081645,1,0,0,0,punt,2,0,1,2.0,0.34090723011043494,0.13890354843713873,0.4233450626227503,0.09684415882967612,1.0,(14:54) (Shotgun) J.Conner left guard to PIT 38 for 4 yards (T.Suggs).,0
9843,418477,2291,2018093012,PIT,BAL,PIT,62.0,2018-09-30,1759.0,13,0.0,6,run,3.0,3.0,14.0,14.0,3.0,51.0,27.0,24.0,0.192499999999999,1.7266666666666666,1,0,0,1,0,243.0,50,4.86,0,1,0,0,punt,2,0,1,2.0,0.3434999999999998,0.16797619047619047,0.3737238095238096,0.11480000000000003,2.0,"(14:19) (Shotgun) J.Conner right guard to PIT 41 for 3 yards (C.Mosley, B.Williams).",0
9844,418478,2312,2018093012,PIT,BAL,PIT,59.0,2018-09-30,1719.0,13,0.0,3,pass,3.0,3.0,14.0,14.0,3.0,51.0,27.0,24.0,-0.10749999999999817,1.4600000000000009,1,0,0,1,0,246.0,51,4.823529411764706,0,0,1,0,punt,2,0,1,2.0,0.16626457645764572,0.1218779139818744,0.5911281366231862,0.12072937293729373,3.0,(13:39) (Shotgun) B.Roethlisberger pass short left to R.Switzer to PIT 36 for -5 yards (T.Suggs).,0
9845,418479,2336,2018093012,PIT,BAL,PIT,64.0,2018-09-30,1682.0,13,0.0,8,punt,3.0,3.0,14.0,14.0,3.0,51.0,27.0,24.0,-0.3849999999999998,1.213333333333333,1,0,0,1,0,241.0,52,4.634615384615385,0,0,0,1,punt,2,0,1,2.0,0.006333333333333334,0.002333333333333333,0.9715333333333332,0.0198,4.0,"(13:02) (Punt formation) J.Berry punts 42 yards to BAL 22, Center-K.Canaday. T.White ran ob at BAL 26 for 4 yards.",1
9846,418480,2366,2018093012,PIT,BAL,BAL,74.0,2018-09-30,1674.0,14,0.0,10,run,3.0,3.0,14.0,14.0,3.0,51.0,24.0,27.0,1.160000000000002,-0.4449999999999985,0,0,0,1,0,222.0,43,5.162790697674419,1,0,0,0,punt,2,0,0,2.0,0.15699852096842395,0.23535481979365466,0.4479335178665278,0.1597131413713938,1.0,(12:54) A.Collins right tackle to BAL 30 for 4 yards (V.Williams; J.Bostic).,0
9847,418481,2387,2018093012,PIT,BAL,BAL,70.0,2018-09-30,1638.0,14,0.0,6,pass,3.0,3.0,14.0,14.0,3.0,51.0,24.0,27.0,0.9200000000000016,-0.7149999999999981,0,0,0,1,0,226.0,44,5.136363636363637,0,1,0,0,punt,2,0,0,2.0,0.15037594627594633,0.21847032967032967,0.5174267399267402,0.11372698412698419,2.0,(12:18) J.Flacco pass short middle to M.Williams to BAL 47 for 17 yards (T.Edmunds; C.Heyward).,0
9848,418482,2411,2018093012,PIT,BAL,BAL,53.0,2018-09-30,1598.0,14,0.0,10,pass,3.0,3.0,14.0,14.0,3.0,51.0,24.0,27.0,0.6533333333333324,-1.0150000000000006,0,0,0,1,0,243.0,45,5.4,1,0,0,0,punt,2,0,0,0.0,0.34072072710511925,0.2752069944977385,0.2721726500158442,0.11189962838129809,1.0,(11:38) J.Flacco pass short middle to J.Brown to PIT 41 for 12 yards (J.Haden).,0
9849,418483,2435,2018093012,PIT,BAL,BAL,41.0,2018-09-30,1560.0,14,0.0,10,run,3.0,3.0,14.0,14.0,3.0,51.0,24.0,27.0,0.4000000000000004,-1.299999999999999,0,0,0,1,0,255.0,46,5.543478260869565,1,0,0,0,punt,2,0,0,1.0,0.3343762269658823,0.3691289382459982,0.18531403124669912,0.11118080354142061,1.0,(11:00) A.Collins right tackle to PIT 36 for 5 yards (C.Sensabaugh).,0
9850,418484,2456,2018093012,PIT,BAL,BAL,36.0,2018-09-30,1524.0,14,0.0,5,pass,3.0,3.0,14.0,14.0,3.0,51.0,24.0,27.0,0.16000000000000014,-1.5700000000000005,0,0,0,1,0,260.0,47,5.531914893617022,0,1,0,0,punt,2,0,0,1.0,0.26406666666666656,0.5722666666666666,0.04333333333333333,0.12033333333333336,2.0,(10:24) J.Flacco pass incomplete deep right to J.Brown. Coverage by 23-Haden.,0
9851,418485,2482,2018093012,PIT,BAL,BAL,36.0,2018-09-30,1518.0,14,0.0,5,no_play,3.0,3.0,14.0,14.0,3.0,51.0,24.0,27.0,0.11999999999999922,-1.6150000000000002,0,0,0,1,0,260.0,48,5.416666666666668,0,0,1,0,punt,2,0,0,1.0,0.2516666666666666,0.4797333333333334,0.1257666666666667,0.14283333333333334,3.0,"(10:18) (Shotgun) PENALTY on BAL-R.Stanley, False Start, 5 yards, enforced at PIT 36 - No Play.",0
9852,418486,2512,2018093012,PIT,BAL,BAL,41.0,2018-09-30,1518.0,14,0.0,10,pass,3.0,3.0,14.0,14.0,3.0,51.0,24.0,27.0,0.11999999999999922,-1.6150000000000002,0,0,0,1,0,260.0,49,5.306122448979592,0,0,1,0,punt,2,0,0,2.0,0.15946666666666665,0.2513666666666667,0.4906000000000002,0.09856666666666669,3.0,(10:18) (Shotgun) J.Flacco pass incomplete short left to J.Brown. Coverage by 24-Sensabaugh.,0
9853,418487,2538,2018093012,PIT,BAL,BAL,41.0,2018-09-30,1511.0,14,0.0,10,punt,3.0,3.0,14.0,14.0,3.0,51.0,24.0,27.0,0.07333333333333414,-1.6675000000000004,0,0,0,1,0,260.0,50,5.2,0,0,0,1,punt,2,0,0,2.0,0.008222222222222221,0.026555555555555554,0.9108888888888892,0.054333333333333324,4.0,"(10:11) (Punt formation) S.Koch punts 41 yards to end zone, Center-M.Cox, Touchback.",1
9854,418488,2555,2018093012,PIT,BAL,PIT,80.0,2018-09-30,1506.0,15,0.0,10,pass,3.0,3.0,14.0,14.0,3.0,51.0,27.0,24.0,-1.705,0.03999999999999915,1,0,0,1,0,241.0,53,4.547169811320755,1,0,0,0,punt,2,0,1,2.0,0.33821977760801286,0.07935565317035906,0.3968399244546306,0.18558464476699776,1.0,(10:06) (Shotgun) B.Roethlisberger pass short middle to J.Smith-Schuster to PIT 27 for 7 yards (A.Levine Sr.).,0
9855,418489,2579,2018093012,PIT,BAL,PIT,73.0,2018-09-30,1478.0,15,0.0,3,pass,3.0,3.0,14.0,14.0,3.0,51.0,27.0,24.0,-1.9149999999999991,-0.1466666666666665,1,0,0,1,0,248.0,54,4.592592592592593,0,1,0,0,punt,2,0,1,2.0,0.3072666666666665,0.11636666666666667,0.41669999999999985,0.15966666666666662,2.0,"(9:38) (No Huddle, Shotgun) B.Roethlisberger pass short left to R.Switzer to PIT 30 for 3 yards (E.Weddle).",0
9856,418490,2603,2018093012,PIT,BAL,PIT,70.0,2018-09-30,1448.0,15,0.0,10,pass,3.0,3.0,14.0,14.0,3.0,51.0,27.0,24.0,-2.140000000000001,-0.3466666666666658,1,0,0,1,0,251.0,55,4.563636363636364,1,0,0,0,punt,2,0,1,0.0,0.33773009404388726,0.13330344827586207,0.3204477533960293,0.2085187042842214,1.0,"(9:08) (No Huddle, Shotgun) B.Roethlisberger pass short middle to R.Switzer to PIT 41 for 11 yards (E.Weddle).",0
9857,418491,2627,2018093012,PIT,BAL,PIT,59.0,2018-09-30,1415.0,15,0.0,10,pass,3.0,3.0,14.0,14.0,3.0,51.0,27.0,24.0,-2.387500000000003,-0.5666666666666682,1,0,0,1,0,262.0,56,4.678571428571429,1,0,0,0,punt,2,0,1,0.0,0.3298696969696971,0.12984242424242426,0.30151212121212123,0.23877575757575747,1.0,"(8:35) (No Huddle, Shotgun) B.Roethlisberger pass short left to A.Brown pushed ob at PIT 46 for 5 yards (A.Levine Sr.).",0
9858,418492,2656,2018093012,PIT,BAL,PIT,54.0,2018-09-30,1391.0,15,0.0,5,run,3.0,3.0,14.0,14.0,3.0,51.0,27.0,24.0,-2.567499999999999,-0.7266666666666666,1,0,0,1,0,267.0,57,4.684210526315789,0,1,0,0,punt,2,0,1,0.0,0.37121666666666664,0.1479333333333333,0.24516666666666653,0.2356833333333333,2.0,"(8:11) (No Huddle, Shotgun) R.Switzer right tackle to PIT 47 for 1 yard (M.Judon, T.Suggs).",0
9859,418493,2677,2018093012,PIT,BAL,PIT,53.0,2018-09-30,1355.0,15,0.0,4,pass,3.0,3.0,14.0,14.0,3.0,51.0,27.0,24.0,-2.8374999999999986,-0.9666666666666668,1,0,0,1,0,268.0,58,4.620689655172415,0,0,1,0,punt,2,0,1,2.0,0.2996717171717173,0.18412289562289555,0.34889730639730626,0.16730808080808085,3.0,"(7:35) (No Huddle, Shotgun) B.Roethlisberger pass incomplete short left to A.Brown.",0
9860,418494,2699,2018093012,PIT,BAL,PIT,53.0,2018-09-30,1352.0,15,0.0,4,punt,3.0,3.0,14.0,14.0,3.0,51.0,27.0,24.0,-2.8599999999999994,-0.9866666666666679,1,0,0,1,0,268.0,59,4.5423728813559325,0,0,0,1,punt,2,0,1,2.0,0.009166666666666668,0.009666666666666665,0.9658333333333333,0.015333333333333334,4.0,"(7:32) (Punt formation) J.Berry punts 33 yards to BAL 20, Center-K.Canaday, fair catch by T.White.",1
9861,418495,2718,2018093012,PIT,BAL,BAL,80.0,2018-09-30,1344.0,16,0.0,10,pass,3.0,3.0,14.0,14.0,3.0,51.0,24.0,27.0,-1.0400000000000011,-2.9200000000000017,0,0,1,0,0,260.0,51,5.098039215686273,1,0,0,0,FG,1,0,0,2.0,0.19291666666666663,0.12869047619047622,0.5345794871794873,0.14381336996337002,1.0,(7:24) (Shotgun) J.Flacco pass short right to M.Crabtree to BAL 33 for 13 yards (T.Edmunds; T.Alualu).,0
9862,418496,2742,2018093012,PIT,BAL,BAL,67.0,2018-09-30,1321.0,16,0.0,10,run,3.0,3.0,14.0,14.0,3.0,51.0,24.0,27.0,-1.1933333333333316,-3.0924999999999976,0,0,1,0,0,273.0,52,5.25,1,0,0,0,FG,1,0,0,2.0,0.2543347222222221,0.2093712301587301,0.35887619047619046,0.17741785714285715,1.0,"(7:01) (No Huddle, Shotgun) A.Collins left guard to BAL 40 for 7 yards (C.Sensabaugh).",0
9863,418497,2763,2018093012,PIT,BAL,BAL,60.0,2018-09-30,1297.0,16,0.0,3,pass,3.0,3.0,14.0,14.0,3.0,51.0,24.0,27.0,-1.3533333333333353,-3.2725000000000013,0,0,1,0,0,280.0,53,5.283018867924528,0,1,0,0,FG,1,0,0,2.0,0.24196666666666664,0.24079999999999993,0.31530000000000014,0.20193333333333333,2.0,"(6:37) (Shotgun) J.Flacco pass incomplete short middle to M.Crabtree. Coverage 56-Chickillo, Pressure 48-Dupree.",0
9864,418498,2789,2018093012,PIT,BAL,BAL,60.0,2018-09-30,1294.0,16,0.0,3,run,3.0,2.0,14.0,14.0,3.0,51.0,24.0,27.0,-1.373333333333333,-3.294999999999998,0,0,1,0,0,280.0,54,5.185185185185184,0,0,1,0,FG,1,0,0,2.0,0.21049999999999994,0.17900000000000002,0.4715000000000002,0.139,3.0,"(6:34) (Shotgun) L.Jackson left tackle to BAL 43 for 3 yards (C.Sensabaugh). Official measurement. Pittsburgh challenged the first down ruling, and the play was Upheld. The ruling on the field stands. (Timeout #1.)",0
9865,418499,2814,2018093012,PIT,BAL,BAL,57.0,2018-09-30,1264.0,16,0.0,10,pass,3.0,2.0,14.0,14.0,3.0,51.0,24.0,27.0,-1.5733333333333324,-3.52,0,0,1,0,0,283.0,55,5.1454545454545455,1,0,0,0,FG,1,0,0,0.0,0.3181288872481053,0.24378933634686417,0.29189549661259595,0.14618627979243462,1.0,(6:04) (Shotgun) J.Flacco pass short left to M.Andrews to PIT 47 for 10 yards (J.Bostic).,0
9866,418500,2868,2018093012,PIT,BAL,BAL,47.0,2018-09-30,1234.0,16,0.0,10,pass,3.0,2.0,14.0,14.0,3.0,51.0,24.0,27.0,-1.7733333333333317,-3.744999999999997,0,0,1,0,0,293.0,56,5.232142857142857,1,0,0,0,FG,1,0,0,0.0,0.4208153248829508,0.23237785771382896,0.21419928057553952,0.13260753682768078,1.0,(5:34) J.Flacco pass incomplete deep middle to J.Brown (J.Haden).,0
9867,418501,2890,2018093012,PIT,BAL,BAL,47.0,2018-09-30,1227.0,16,0.0,10,pass,3.0,2.0,14.0,14.0,3.0,51.0,24.0,27.0,-1.8200000000000005,-3.7975,0,0,1,0,0,293.0,57,5.140350877192984,0,1,0,0,FG,1,0,0,2.0,0.32427051282051295,0.18445128205128208,0.35579743589743595,0.13548076923076927,2.0,"(5:27) (Shotgun) J.Flacco pass incomplete short right. Pressure by 90-Watt, Coverage by 20-Sutton.",0
9868,418502,2916,2018093012,PIT,BAL,BAL,47.0,2018-09-30,1223.0,16,0.0,10,pass,3.0,2.0,14.0,14.0,3.0,51.0,24.0,27.0,-1.8466666666666656,-3.827500000000001,0,0,1,0,0,293.0,58,5.051724137931036,0,0,1,0,FG,1,0,0,2.0,0.26449999999999996,0.1333333333333333,0.492,0.11016666666666668,3.0,(5:23) (Shotgun) J.Flacco pass short left to T.White to PIT 33 for 14 yards (N.Berhe; S.Davis).,0
9869,418503,2940,2018093012,PIT,BAL,BAL,33.0,2018-09-30,1181.0,16,0.0,10,run,3.0,2.0,14.0,14.0,3.0,51.0,24.0,27.0,-2.126666666666665,-4.142500000000002,0,0,1,0,0,307.0,59,5.203389830508475,1,0,0,0,FG,1,0,0,1.0,0.37851812349639136,0.44878503074044374,0.035446511627906976,0.13725033413525797,1.0,(4:41) D.Turner up the middle to PIT 29 for 4 yards (S.Davis).,0
9870,418504,2961,2018093012,PIT,BAL,BAL,29.0,2018-09-30,1150.0,16,0.0,6,pass,3.0,2.0,14.0,14.0,3.0,51.0,24.0,27.0,-2.3333333333333357,-4.375,0,0,1,0,0,311.0,60,5.183333333333334,0,1,0,0,FG,1,0,0,0.0,0.41588333333333327,0.4149333333333335,0.03350000000000001,0.13568333333333335,2.0,(4:10) J.Flacco pass incomplete short right to N.Boyle.,0
9871,418505,2990,2018093012,PIT,BAL,BAL,29.0,2018-09-30,1149.0,16,0.0,6,pass,3.0,2.0,14.0,14.0,3.0,51.0,24.0,27.0,-2.3400000000000034,-4.3825,0,0,1,0,0,311.0,61,5.0983606557377055,0,0,1,0,FG,1,0,0,1.0,0.27581538461538463,0.5573102564102563,0.03916666666666667,0.12770769230769233,3.0,"(4:09) (Shotgun) J.Flacco pass incomplete short middle to M.Crabtree. Coverage by 24-Sensabaugh, Pressure by 48-Dupree.",0
9872,418506,3016,2018093012,PIT,BAL,BAL,29.0,2018-09-30,1143.0,16,0.0,6,field_goal,3.0,2.0,14.0,14.0,3.0,51.0,24.0,27.0,-2.379999999999999,-4.427499999999998,0,0,1,0,0,311.0,62,5.016129032258065,0,0,0,1,FG,1,0,0,1.0,0.009793118279569892,0.811870752688172,0.023179354838709677,0.15515677419354842,4.0,"(4:03) (Field Goal formation) J.Tucker 47 yard field goal is GOOD, Center-M.Cox, Holder-S.Koch.",1
9873,418508,3057,2018093012,PIT,BAL,PIT,70.0,2018-09-30,1134.0,17,0.0,10,run,2.0,3.0,14.0,17.0,3.0,51.0,27.0,24.0,-4.495000000000001,0.5599999999999987,1,0,0,1,0,268.0,61,4.39344262295082,1,0,0,0,punt,2,0,1,3.0,0.24008896850276154,0.14966593023834404,0.2898337562820321,0.32041134497686224,1.0,"(3:54) J.Conner up the middle to PIT 28 for -2 yards (T.Suggs, C.Mosley).",0
9874,418509,3078,2018093012,PIT,BAL,PIT,72.0,2018-09-30,1093.0,17,0.0,12,pass,2.0,3.0,14.0,17.0,3.0,51.0,27.0,24.0,-4.802500000000002,0.2866666666666653,1,0,0,1,0,266.0,62,4.290322580645161,0,1,0,0,punt,2,0,1,2.0,0.2502999999999999,0.1435857142857143,0.3420285714285714,0.2640857142857143,2.0,(3:13) (Shotgun) B.Roethlisberger pass incomplete short left to J.Conner.,0
9875,418510,3100,2018093012,PIT,BAL,PIT,72.0,2018-09-30,1088.0,17,0.0,12,pass,2.0,3.0,14.0,17.0,3.0,51.0,27.0,24.0,-4.84,0.2533333333333303,1,0,0,1,0,266.0,63,4.222222222222221,0,0,1,0,punt,2,0,1,2.0,0.13285294117647065,0.07249019607843138,0.6499509803921568,0.14470588235294116,3.0,(3:08) (Shotgun) B.Roethlisberger pass incomplete deep middle to A.Brown.,0
9876,418511,3122,2018093012,PIT,BAL,PIT,72.0,2018-09-30,1083.0,17,0.0,12,punt,2.0,3.0,14.0,17.0,3.0,51.0,27.0,24.0,-4.877500000000001,0.21999999999999886,1,0,0,1,0,266.0,64,4.15625,0,0,0,1,punt,2,0,1,2.0,0.003,0.007666666666666667,0.9751666666666667,0.014166666666666666,4.0,"(3:03) (Punt formation) J.Berry punts 40 yards to BAL 32, Center-K.Canaday, fair catch by T.White.",1
9877,418512,3141,2018093012,PIT,BAL,BAL,68.0,2018-09-30,1077.0,18,0.0,10,no_play,3.0,2.0,17.0,14.0,3.0,51.0,24.0,27.0,0.17999999999999972,-4.922499999999999,0,0,1,0,0,311.0,63,4.936507936507937,1,0,0,0,FG,1,0,0,2.0,0.32132256049960956,0.12922950819672133,0.43835776736924276,0.11109016393442622,1.0,"(2:57) A.Collins right end pushed ob at BAL 33 for 1 yard (V.Williams). PENALTY on BAL-M.Yanda, Offensive Holding, 10 yards, enforced at BAL 32 - No Play.",0
9878,418513,3173,2018093012,PIT,BAL,BAL,78.0,2018-09-30,1052.0,18,0.0,20,pass,3.0,2.0,17.0,14.0,3.0,51.0,24.0,27.0,0.013333333333331865,-5.110000000000003,0,0,1,0,0,311.0,64,4.859375,1,0,0,0,FG,1,0,0,2.0,0.14457647058823528,0.12072549019607848,0.6560627450980393,0.07863529411764707,1.0,(2:32) (Shotgun) J.Flacco pass incomplete short middle.,0
9879,418514,3195,2018093012,PIT,BAL,BAL,78.0,2018-09-30,1048.0,18,0.0,20,pass,3.0,2.0,17.0,14.0,3.0,51.0,24.0,27.0,-0.013333333333335421,-5.1400000000000015,0,0,1,0,0,311.0,65,4.7846153846153845,0,1,0,0,FG,1,0,0,2.0,0.13046666666666668,0.06533333333333333,0.6769999999999999,0.1272,2.0,"(2:28) (Shotgun) J.Flacco pass short right to N.Boyle to BAL 31 for 9 yards (C.Heyward, S.Davis).",0
9880,418515,3219,2018093012,PIT,BAL,BAL,69.0,2018-09-30,1011.0,18,0.0,11,no_play,3.0,2.0,17.0,14.0,3.0,51.0,24.0,27.0,-0.2600000000000016,-5.4175,0,0,1,0,0,320.0,66,4.848484848484849,0,0,1,0,FG,1,0,0,2.0,0.152,0.13416666666666666,0.5983333333333336,0.11550000000000003,3.0,"(1:51) (Shotgun) PENALTY on PIT, Defensive Too Many Men on Field, 5 yards, enforced at BAL 31 - No Play.",0
9881,418516,3242,2018093012,PIT,BAL,BAL,64.0,2018-09-30,987.0,18,0.0,6,pass,3.0,2.0,17.0,14.0,3.0,51.0,24.0,27.0,-0.4200000000000017,-5.5975,0,0,1,0,0,320.0,67,4.776119402985074,0,0,1,0,FG,1,0,0,2.0,0.23849999999999996,0.11100000000000003,0.5610000000000002,0.08950000000000004,3.0,(1:27) (Shotgun) J.Flacco pass short middle to W.Snead IV to 50 for 14 yards (T.Edmunds).,0
9882,418517,3272,2018093012,PIT,BAL,BAL,50.0,2018-09-30,950.0,18,0.0,10,run,3.0,2.0,17.0,14.0,3.0,51.0,24.0,27.0,-0.6666666666666679,-5.875,0,0,1,0,0,334.0,68,4.911764705882354,1,0,0,0,FG,1,0,0,0.0,0.35183212891225485,0.28335189617536743,0.2688024857037446,0.09601348920863313,1.0,(:50) (Shotgun) L.Jackson left end pushed ob at PIT 45 for 5 yards (A.Burns).,0
9883,418518,3298,2018093012,PIT,BAL,BAL,45.0,2018-09-30,919.0,18,0.0,5,pass,3.0,2.0,17.0,14.0,3.0,51.0,24.0,27.0,-0.8733333333333348,-6.107500000000003,0,0,1,0,0,339.0,69,4.913043478260869,0,1,0,0,FG,1,0,0,1.0,0.2532260733801718,0.35566112412177986,0.2514336455893833,0.13967915690866517,2.0,(:19) J.Flacco pass short right to J.Allen to PIT 43 for 2 yards (C.Sutton).,0
9884,418520,3339,2018093012,PIT,BAL,BAL,43.0,2018-09-30,900.0,18,0.0,3,run,3.0,2.0,17.0,14.0,3.0,51.0,24.0,27.0,-1.0,-6.25,0,0,1,0,0,341.0,70,4.871428571428571,0,0,1,0,FG,1,0,0,2.0,0.2309571428571428,0.28489999999999993,0.35795238095238097,0.12619047619047627,3.0,(15:00) (Shotgun) L.Jackson right guard to PIT 42 for 1 yard (S.Tuitt).,0
9885,418521,3360,2018093012,PIT,BAL,BAL,43.0,2018-09-30,858.0,18,0.0,0,no_play,2.0,2.0,17.0,14.0,3.0,51.0,24.0,27.0,-1.2800000000000011,-6.565000000000001,0,0,1,0,0,342.0,71,4.816901408450704,0,0,0,0,FG,1,0,0,1.0,0.25006666666666666,0.38416666666666677,0.20436666666666664,0.16140000000000004,0.0,Timeout #1 by BAL at 14:18.,0
9886,418522,3377,2018093012,PIT,BAL,BAL,42.0,2018-09-30,858.0,18,0.0,2,run,2.0,2.0,17.0,14.0,3.0,51.0,24.0,27.0,-1.2800000000000011,-6.565000000000001,0,0,1,0,0,342.0,72,4.75,0,0,0,1,FG,1,0,0,2.0,0.037000000000000005,0.051333333333333335,0.8446666666666661,0.067,4.0,"(14:18) (Run formation) C.Moore left guard to PIT 39 for 3 yards (A.Burns, V.Williams).",0
9887,418523,3398,2018093012,PIT,BAL,BAL,39.0,2018-09-30,823.0,18,0.0,10,pass,2.0,2.0,17.0,14.0,3.0,51.0,24.0,27.0,-1.5133333333333354,-6.8275000000000015,0,0,1,0,0,345.0,73,4.726027397260274,1,0,0,0,FG,1,0,0,1.0,0.3212333193688031,0.4139225632507467,0.14060505344495156,0.12423906393549859,1.0,(13:43) (Shotgun) J.Flacco pass short right to M.Williams to PIT 34 for 5 yards (T.Watt).,0
9888,418524,3422,2018093012,PIT,BAL,BAL,34.0,2018-09-30,797.0,18,0.0,5,pass,2.0,2.0,17.0,14.0,3.0,51.0,24.0,27.0,-1.6866666666666674,-7.022500000000001,0,0,1,0,0,350.0,74,4.729729729729731,0,1,0,0,FG,1,0,0,1.0,0.3303333333333333,0.4280333333333333,0.08733333333333335,0.1543,2.0,(13:17) (Shotgun) J.Flacco sacked at PIT 36 for -2 yards (J.Hargrave).,0
9889,418525,3441,2018093012,PIT,BAL,BAL,36.0,2018-09-30,753.0,18,0.0,7,pass,2.0,2.0,17.0,14.0,3.0,51.0,24.0,27.0,-1.9799999999999969,-7.352499999999999,0,0,1,0,0,348.0,75,4.64,0,0,1,0,FG,1,0,0,1.0,0.26176666666666665,0.4780666666666668,0.1131666666666667,0.147,3.0,(12:33) (Shotgun) J.Flacco pass short right to W.Snead IV to PIT 31 for 5 yards (C.Sensabaugh).,0
9890,418526,3465,2018093012,PIT,BAL,BAL,31.0,2018-09-30,707.0,18,0.0,2,field_goal,2.0,2.0,17.0,14.0,3.0,51.0,24.0,27.0,-2.2866666666666653,-7.697499999999998,0,0,1,0,0,353.0,76,4.644736842105263,0,0,0,1,FG,1,0,0,1.0,0.07468029776674938,0.7021271629445823,0.036179354838709675,0.1870131844499585,4.0,"(11:47) (Field Goal formation) J.Tucker 49 yard field goal is GOOD, Center-M.Cox, Holder-S.Koch.",1
9891,418528,3499,2018093012,PIT,BAL,PIT,75.0,2018-09-30,702.0,19,0.0,10,pass,2.0,2.0,14.0,20.0,3.0,51.0,27.0,24.0,-7.7349999999999985,0.6799999999999997,1,0,0,1,0,266.0,66,4.03030303030303,1,0,0,0,punt,2,0,1,0.0,0.4878710313016584,0.15900394070282084,0.2046029008691942,0.14852212712632643,1.0,(11:42) (Shotgun) B.Roethlisberger pass short middle to J.Conner to PIT 40 for 15 yards (C.Mosley).,0
9892,418529,3523,2018093012,PIT,BAL,PIT,60.0,2018-09-30,669.0,19,0.0,10,pass,2.0,2.0,14.0,20.0,3.0,51.0,27.0,24.0,-7.982500000000003,0.4600000000000009,1,0,0,1,0,281.0,67,4.1940298507462686,1,0,0,0,punt,2,0,1,0.0,0.5107221224816969,0.18475898125259826,0.15384754934542166,0.1506713469202831,1.0,"(11:09) (No Huddle, Shotgun) B.Roethlisberger pass incomplete short right to J.Conner. Coverage by 99-Judon.",0
9893,418530,3549,2018093012,PIT,BAL,PIT,60.0,2018-09-30,667.0,19,0.0,10,pass,2.0,2.0,14.0,20.0,3.0,51.0,27.0,24.0,-7.997499999999999,0.44666666666666544,1,0,0,1,0,281.0,68,4.132352941176471,0,1,0,0,punt,2,0,1,0.0,0.4576923623995052,0.1505490723562152,0.2269094001236858,0.16484916512059367,2.0,(11:07) (Shotgun) B.Roethlisberger pass short middle to J.Smith-Schuster to PIT 45 for 5 yards (C.Mosley).,0
9894,418531,3573,2018093012,PIT,BAL,PIT,55.0,2018-09-30,628.0,19,0.0,5,pass,2.0,2.0,14.0,20.0,3.0,51.0,27.0,24.0,-8.290000000000003,0.18666666666666745,1,0,0,1,0,286.0,69,4.144927536231884,0,0,1,0,punt,2,0,1,0.0,0.40124999999999983,0.11666666666666668,0.26791666666666664,0.2141666666666666,3.0,"(10:28) (No Huddle, Shotgun) B.Roethlisberger pass incomplete short middle to A.Brown (A.Levine Sr.).",0
9895,418532,3595,2018093012,PIT,BAL,PIT,55.0,2018-09-30,625.0,19,0.0,5,punt,2.0,2.0,14.0,20.0,3.0,51.0,27.0,24.0,-8.3125,0.16666666666666785,1,0,0,1,0,286.0,70,4.085714285714285,0,0,0,1,punt,2,0,1,2.0,0.032,0.022,0.8918333333333333,0.05416666666666667,4.0,"(10:25) (Punt formation) J.Berry punts 47 yards to BAL 8, Center-K.Canaday, fair catch by T.White.",1
9896,418533,3614,2018093012,PIT,BAL,BAL,92.0,2018-09-30,617.0,20,0.0,10,run,2.0,2.0,20.0,14.0,3.0,51.0,24.0,27.0,0.11333333333333327,-8.372499999999999,0,0,1,0,0,353.0,77,4.584415584415584,1,0,0,0,FG,1,0,0,2.0,0.1419107107107107,0.19913293293293285,0.5325790790790791,0.1263772772772773,1.0,"(10:17) A.Collins left guard to BAL 9 for 1 yard (J.Bostic). PENALTY on PIT-S.Tuitt, Illegal Use of Hands, 5 yards, enforced at BAL 9.",0
9897,418534,3657,2018093012,PIT,BAL,BAL,86.0,2018-09-30,598.0,20,0.0,10,pass,2.0,2.0,20.0,14.0,3.0,51.0,24.0,27.0,-0.013333333333335421,-8.515,0,0,1,0,0,354.0,78,4.538461538461538,1,0,0,0,FG,1,0,0,2.0,0.1569107107107107,0.1916329329329329,0.5240790790790792,0.1273772772772773,1.0,(9:58) (Shotgun) J.Flacco pass short left to N.Boyle to BAL 22 for 8 yards (J.Bostic).,0
9898,418535,3784,2018093012,PIT,BAL,BAL,78.0,2018-09-30,566.0,20,0.0,2,run,2.0,2.0,20.0,14.0,3.0,51.0,24.0,27.0,-0.2266666666666665,-8.754999999999999,0,0,1,0,0,362.0,79,4.582278481012659,0,1,0,0,FG,1,0,0,2.0,0.11666666666666667,0.1814666666666667,0.5002666666666667,0.20159999999999995,2.0,"(9:26) A.Collins right tackle to BAL 23 for 1 yard (S.Tuitt, V.Williams).",0
9899,418536,3821,2018093012,PIT,BAL,BAL,77.0,2018-09-30,529.0,20,0.0,1,pass,2.0,2.0,20.0,14.0,3.0,51.0,24.0,27.0,-0.4733333333333327,-9.0325,0,0,1,0,0,363.0,80,4.5375,0,0,1,0,FG,1,0,0,2.0,0.07916666666666669,0.12266666666666669,0.7048333333333334,0.09333333333333332,3.0,"(8:49) J.Flacco pass short right to M.Williams to BAL 45 for 22 yards (J.Haden, J.Bostic).",0
9900,418537,3684,2018093012,PIT,BAL,BAL,55.0,2018-09-30,483.0,20,0.0,10,run,2.0,2.0,20.0,14.0,3.0,51.0,24.0,27.0,-0.7800000000000011,-9.3775,0,0,1,0,0,385.0,81,4.753086419753086,1,0,0,0,FG,1,0,0,2.0,0.17743389771402354,0.24800756723103834,0.3979576584589176,0.17660087659602045,1.0,"(8:03) (Shotgun) J.Allen right tackle to 50 for 5 yards (J.Haden, V.Williams). PENALTY on BAL-M.Andrews, Offensive Holding, 10 yards, enforced at BAL 47.",0
9901,418538,3716,2018093012,PIT,BAL,BAL,63.0,2018-09-30,464.0,20,0.0,18,pass,2.0,2.0,20.0,14.0,3.0,51.0,24.0,27.0,-0.9066666666666664,-9.520000000000003,0,0,1,0,0,387.0,82,4.719512195121951,1,0,0,0,FG,1,0,0,2.0,0.14784266631971552,0.18419247115968426,0.4896265504380259,0.17833831208257436,1.0,"(7:44) (Shotgun) J.Flacco pass short right to D.Turner to BAL 47 for 10 yards (T.Watt, J.Haden).",0
9902,418539,3740,2018093012,PIT,BAL,BAL,53.0,2018-09-30,423.0,20,0.0,8,pass,2.0,2.0,20.0,14.0,3.0,51.0,24.0,27.0,-1.1799999999999995,-9.8275,0,0,1,0,0,397.0,83,4.783132530120481,0,1,0,0,FG,1,0,0,2.0,0.134601825476177,0.21506804504895385,0.4747291686317418,0.17560096084312735,2.0,(7:03) J.Flacco pass short left to N.Boyle to PIT 34 for 19 yards (J.Haden; S.Davis).,0
9903,418540,3764,2018093012,PIT,BAL,BAL,34.0,2018-09-30,379.0,20,0.0,10,run,2.0,2.0,20.0,14.0,3.0,51.0,24.0,27.0,-1.4733333333333327,-10.1575,0,0,1,0,0,416.0,84,4.9523809523809526,1,0,0,0,FG,1,0,0,1.0,0.25217772657450066,0.41788801843317974,0.09000998463901691,0.2399242703533026,1.0,(6:19) (Shotgun) A.Collins left end to PIT 29 for 5 yards (V.Williams). PIT-V.Williams was injured during the play.,0
9904,418541,3796,2018093012,PIT,BAL,BAL,29.0,2018-09-30,342.0,20,0.0,5,run,2.0,2.0,20.0,14.0,3.0,51.0,24.0,27.0,-1.7199999999999989,-10.435000000000002,0,0,1,0,0,421.0,85,4.9529411764705875,0,1,0,0,FG,1,0,0,1.0,0.2731835443037973,0.3973502109704641,0.08562236286919833,0.24384388185654002,2.0,(5:42) J.Allen right tackle to PIT 23 for 6 yards (J.Bostic).,0
9905,418542,3854,2018093012,PIT,BAL,BAL,23.0,2018-09-30,300.0,20,0.0,10,pass,2.0,2.0,20.0,14.0,3.0,51.0,24.0,27.0,-2.0,-10.75,0,0,1,0,0,427.0,86,4.9651162790697665,1,0,0,0,FG,1,0,0,1.0,0.315014619883041,0.4348748538011695,0.0412719298245614,0.20883859649122813,1.0,(5:00) J.Flacco pass short middle to W.Snead IV to PIT 13 for 10 yards (J.Haden).,0
9906,418543,3879,2018093012,PIT,BAL,BAL,13.0,2018-09-30,265.0,20,0.0,10,run,2.0,2.0,20.0,14.0,3.0,51.0,24.0,27.0,-2.2333333333333343,-11.012500000000005,0,0,1,0,0,437.0,87,5.022988505747127,1,0,0,0,FG,1,0,0,1.0,0.32507017543859656,0.4339859649122806,0.029771929824561408,0.2111719298245614,1.0,(4:25) (Shotgun) J.Allen up the middle to PIT 10 for 3 yards (L.Fort).,0
9907,418544,3900,2018093012,PIT,BAL,BAL,10.0,2018-09-30,228.0,20,0.0,7,pass,2.0,2.0,20.0,14.0,3.0,51.0,24.0,27.0,-2.4800000000000004,-11.29,0,0,1,0,0,440.0,88,5.0,0,1,0,0,FG,1,0,0,1.0,0.2783502109704641,0.5013168776371307,0.02678902953586498,0.19354388185654006,2.0,(3:48) (Shotgun) J.Flacco pass incomplete short middle to M.Crabtree. Coverage by 21-Davis.,0
9908,418545,3926,2018093012,PIT,BAL,BAL,10.0,2018-09-30,225.0,20,0.0,7,pass,2.0,2.0,20.0,14.0,3.0,51.0,24.0,27.0,-2.5,-11.3125,0,0,1,0,0,440.0,89,4.943820224719102,0,0,1,0,FG,1,0,0,1.0,0.22849999999999995,0.5715,0.023500000000000004,0.1765,3.0,(3:45) (Shotgun) J.Flacco pass incomplete short middle to N.Boyle. Coverage by 21-Davis.,0
9909,418546,3952,2018093012,PIT,BAL,BAL,10.0,2018-09-30,220.0,20,0.0,7,field_goal,2.0,2.0,20.0,14.0,3.0,51.0,24.0,27.0,-2.5333333333333314,-11.35,0,0,1,0,0,440.0,90,4.888888888888889,0,0,0,1,FG,1,0,0,1.0,0.07558333333333331,0.7962628205128208,0.029666666666666668,0.0984871794871795,4.0,"(3:40) (Field Goal formation) J.Tucker 28 yard field goal is GOOD, Center-M.Cox, Holder-S.Koch.",1
9910,418547,3971,2018093012,PIT,BAL,PIT,35.0,2018-09-30,217.0,21,0.0,0,no_play,2.0,2.0,14.0,23.0,3.0,51.0,27.0,24.0,-11.3725,0.44666666666666544,1,0,0,0,1,286.0,71,4.028169014084507,0,0,0,0,other,3,0,1,0.0,0.5899999999999999,0.24616666666666664,0.027666666666666666,0.13616666666666666,0.0,"J.Tucker kicks 65 yards from BAL 35 to end zone, Touchback. PENALTY on BAL-A.Levine Sr., Offside on Free Kick, 5 yards, enforced at PIT 25.",0
9911,418548,3997,2018093012,PIT,BAL,PIT,70.0,2018-09-30,217.0,21,0.0,10,pass,2.0,2.0,14.0,23.0,3.0,51.0,27.0,24.0,-11.3725,0.44666666666666544,1,0,0,0,1,286.0,72,3.9722222222222223,1,0,0,0,other,3,0,1,0.0,0.44342731356693627,0.10500563042827196,0.1449751123090745,0.30659194369571735,1.0,(3:37) (Shotgun) B.Roethlisberger pass incomplete short left to J.Conner (C.Mosley).,0
9912,418549,4019,2018093012,PIT,BAL,PIT,70.0,2018-09-30,211.0,21,0.0,10,pass,2.0,2.0,14.0,23.0,3.0,51.0,27.0,24.0,-11.417499999999995,0.4066666666666663,1,0,0,0,1,286.0,73,3.9178082191780814,0,1,0,0,other,3,0,1,0.0,0.41820000000000007,0.11603333333333335,0.14966666666666664,0.31610000000000005,2.0,"(3:31) (No Huddle, Shotgun) B.Roethlisberger pass incomplete deep right to J.Washington. Coverage by 24-Carr.",0
9913,418550,4045,2018093012,PIT,BAL,PIT,70.0,2018-09-30,206.0,21,0.0,10,pass,2.0,2.0,14.0,23.0,3.0,51.0,27.0,24.0,-11.455000000000002,0.3733333333333313,1,0,0,0,1,286.0,74,3.864864864864865,0,0,1,0,other,3,0,1,3.0,0.3339,0.08420000000000001,0.23549999999999996,0.34640000000000015,3.0,"(3:26) (No Huddle, Shotgun) B.Roethlisberger pass short middle intended for A.Brown INTERCEPTED by A.Levine Sr. at PIT 43. A.Levine Sr. to PIT 27 for 16 yards (J.Conner).",1
9914,418551,4071,2018093012,PIT,BAL,BAL,27.0,2018-09-30,195.0,22,0.0,10,run,2.0,2.0,23.0,14.0,3.0,51.0,24.0,27.0,0.3000000000000007,-11.537499999999998,0,0,1,0,0,440.0,91,4.835164835164835,1,0,0,0,FG,1,0,0,1.0,0.20434920634920634,0.39015555555555553,0.09328571428571429,0.31220952380952377,1.0,(3:15) J.Allen up the middle to PIT 16 for 11 yards (J.Hargrave; T.Watt).,0
9915,418552,4092,2018093012,PIT,BAL,BAL,16.0,2018-09-30,148.0,22,0.0,10,run,2.0,2.0,23.0,14.0,3.0,51.0,24.0,27.0,-0.013333333333335421,-11.89,0,0,1,0,0,451.0,92,4.902173913043479,1,0,0,0,FG,1,0,0,3.0,0.21160588235294112,0.33021960784313725,0.1163843137254902,0.3417901960784312,1.0,(2:28) J.Allen right tackle to PIT 15 for 1 yard (L.Fort).,0
9916,418553,4113,2018093012,PIT,BAL,BAL,16.0,2018-09-30,142.0,22,0.0,0,no_play,2.0,1.0,23.0,14.0,3.0,51.0,24.0,27.0,-0.05333333333333457,-11.935000000000002,0,0,1,0,0,452.0,93,4.860215053763442,0,0,0,0,FG,1,0,0,3.0,0.14666666666666667,0.3183,0.14809999999999995,0.3869333333333333,0.0,Timeout #2 by PIT at 02:22.,0
9917,418554,4130,2018093012,PIT,BAL,BAL,15.0,2018-09-30,142.0,22,0.0,9,run,2.0,1.0,23.0,14.0,3.0,51.0,24.0,27.0,-0.05333333333333457,-11.935000000000002,0,0,1,0,0,452.0,94,4.8085106382978715,0,1,0,0,FG,1,0,0,3.0,0.14916666666666664,0.3601111111111111,0.12276666666666668,0.36795555555555565,2.0,"(2:22) J.Allen right end to PIT 16 for -1 yards (L.Fort, J.Bostic).",0
9918,418555,4152,2018093012,PIT,BAL,BAL,15.0,2018-09-30,137.0,22,0.0,0,no_play,2.0,0.0,23.0,14.0,3.0,51.0,24.0,27.0,-0.086666666666666,-11.9725,0,0,1,0,0,451.0,95,4.747368421052632,0,0,0,0,FG,1,0,0,3.0,0.08630000000000002,0.32766666666666666,0.1391666666666667,0.4468666666666666,0.0,Timeout #3 by PIT at 02:17.,0
9919,418556,4169,2018093012,PIT,BAL,BAL,16.0,2018-09-30,137.0,22,0.0,10,run,2.0,0.0,23.0,14.0,3.0,51.0,24.0,27.0,-0.086666666666666,-11.9725,0,0,1,0,0,451.0,96,4.697916666666667,0,0,1,0,FG,1,0,0,3.0,0.07533333333333334,0.4028333333333334,0.116,0.4058333333333334,3.0,(2:17) (Shotgun) J.Allen left end to PIT 13 for 3 yards (J.Bostic).,0
9920,418558,4207,2018093012,PIT,BAL,BAL,13.0,2018-09-30,120.0,22,0.0,7,field_goal,2.0,0.0,23.0,14.0,3.0,51.0,24.0,27.0,-0.1999999999999993,-12.1,0,0,1,0,0,454.0,97,4.680412371134021,0,0,0,1,FG,1,1,0,1.0,0.047333333333333324,0.6194761904761905,0.0545,0.2786904761904762,4.0,"(2:00) (Field Goal formation) J.Tucker 31 yard field goal is GOOD, Center-M.Cox, Holder-S.Koch.",1
9921,418560,4248,2018093012,PIT,BAL,PIT,84.0,2018-09-30,112.0,23,0.0,10,pass,0.0,2.0,14.0,26.0,3.0,51.0,27.0,24.0,-12.16,2.746666666666666,1,0,0,0,1,286.0,76,3.763157894736842,1,0,0,0,other,3,1,1,3.0,0.11311111111111112,0.02571111111111111,0.009666666666666667,0.8515111111111112,1.0,(1:52) (Shotgun) B.Roethlisberger pass short middle to J.Conner pushed ob at PIT 25 for 9 yards (A.Levine Sr.).,0
9922,418561,4272,2018093012,PIT,BAL,PIT,75.0,2018-09-30,104.0,23,0.0,1,pass,0.0,2.0,14.0,26.0,3.0,51.0,27.0,24.0,-12.220000000000002,2.693333333333332,1,0,0,0,1,295.0,77,3.831168831168831,0,1,0,0,other,3,1,1,3.0,0.14373333333333332,0.04166666666666666,0.010666666666666666,0.8039333333333334,2.0,"(1:44) (No Huddle, Shotgun) B.Roethlisberger sacked at PIT 16 for -9 yards (T.Williams).",0
9923,418562,4291,2018093012,PIT,BAL,PIT,84.0,2018-09-30,74.0,23,0.0,10,pass,0.0,2.0,14.0,26.0,3.0,51.0,27.0,24.0,-12.445,2.4933333333333323,1,0,0,0,1,286.0,78,3.6666666666666665,0,0,1,0,other,3,1,1,3.0,0.08133333333333333,0.0126,0.012666666666666666,0.8934,3.0,"(1:14) (No Huddle, Shotgun) B.Roethlisberger pass incomplete short middle.",0
9924,418563,4319,2018093012,PIT,BAL,PIT,84.0,2018-09-30,68.0,23,0.0,10,pass,0.0,2.0,14.0,26.0,3.0,51.0,27.0,24.0,-12.490000000000002,2.453333333333333,1,0,0,0,1,286.0,79,3.620253164556962,0,0,0,1,other,3,1,1,3.0,0.05899999999999999,0.024,0.0511939393939394,0.8658060606060605,4.0,"(1:08) (No Huddle, Shotgun) B.Roethlisberger pass incomplete short middle to J.Smith-Schuster (A.Levine Sr.).",1
9925,418564,4341,2018093012,PIT,BAL,BAL,16.0,2018-09-30,63.0,24,0.0,10,qb_kneel,2.0,0.0,26.0,14.0,3.0,51.0,24.0,27.0,2.4199999999999977,-12.5275,0,0,0,0,1,454.0,98,4.632653061224491,1,0,0,0,other,3,1,0,3.0,0.013864829396325457,0.04816666666666667,0.007007874015748031,0.9309606299212598,1.0,(1:03) J.Flacco kneels to PIT 17 for -1 yards.,0
9926,418565,4362,2018093012,PIT,BAL,BAL,17.0,2018-09-30,38.0,24,0.0,11,qb_kneel,2.0,0.0,26.0,14.0,3.0,51.0,24.0,27.0,2.253333333333334,-12.715,0,0,0,0,1,453.0,99,4.575757575757576,0,1,0,0,other,3,1,0,3.0,0.006,0.04516666666666667,0.008333333333333331,0.9404999999999999,2.0,(:38) J.Flacco kneels to PIT 19 for -2 yards.,0
